{
  "colleges": {
    "applied": {
      "name": "الكلية التطبيقية - السليل",
      "majors": {
        "it": {
          "name": "تقنية المعلومات",
          "courses": [
            {
              "code": "CS101",
              "name": "مقدمة في البرمجة",
              "sections": [
                {
                  "id": "CRN-101A",
                  "instructor": "د. خالد",
                  "gender": "male",
                  "open": true,
                  "meetings": [
                    {
                      "day": "sun",
                      "start": "08:00",
                      "end": "10:00",
                      "room": "B-101"
                    },
                    {
                      "day": "tue",
                      "start": "10:00",
                      "end": "12:00",
                      "room": "B-101"
                    }
                  ]
                },
                {
                  "id": "CRN-101B",
                  "instructor": "أ. نورة",
                  "gender": "female",
                  "open": true,
                  "meetings": [
                    {
                      "day": "mon",
                      "start": "08:00",
                      "end": "10:00",
                      "room": "A-203"
                    },
                    {
                      "day": "wed",
                      "start": "10:00",
                      "end": "12:00",
                      "room": "A-203"
                    }
                  ]
                }
              ]
            },
            {
              "code": "CS111",
              "name": "برمجة ويب",
              "sections": [
                {
                  "id": "CRN-111A",
                  "instructor": "أ. منى",
                  "gender": "female",
                  "open": true,
                  "meetings": [
                    {
                      "day": "sun",
                      "start": "10:00",
                      "end": "12:00",
                      "room": "C-110"
                    },
                    {
                      "day": "tue",
                      "start": "12:00",
                      "end": "14:00",
                      "room": "C-110"
                    }
                  ]
                },
                {
                  "id": "CRN-111B",
                  "instructor": "د. عبدالله",
                  "gender": "male",
                  "open": false,
                  "meetings": [
                    {
                      "day": "wed",
                      "start": "08:00",
                      "end": "10:00",
                      "room": "C-210"
                    },
                    {
                      "day": "thu",
                      "start": "12:00",
                      "end": "14:00",
                      "room": "C-210"
                    }
                  ]
                }
              ]
            },
            {
              "code": "CS205",
              "name": "قواعد البيانات",
              "sections": [
                {
                  "id": "CRN-205A",
                  "instructor": "د. بشرى",
                  "gender": "female",
                  "open": true,
                  "meetings": [
                    {
                      "day": "sun",
                      "start": "12:00",
                      "end": "14:00",
                      "room": "Lab-1"
                    }
                  ]
                },
                {
                  "id": "CRN-205B",
                  "instructor": "د. عادل",
                  "gender": "male",
                  "open": true,
                  "meetings": [
                    {
                      "day": "mon",
                      "start": "12:00",
                      "end": "14:00",
                      "room": "Lab-2"
                    }
                  ]
                }
              ]
            }
          ]
        }
      }
    }
  }
}